Temperature,Pressure
22.483570765056164,66.39116805444067
19.308678494144075,66.77700814076441
23.23844269050346,44.46411758292005
27.61514928204013,55.689830791852756
18.829233126383322,66.28396623128538
18.8293152152541,46.20872259012513
27.896064077536955,47.964196398976384
23.837173645764544,44.18319086051356
17.65262807032524,39.852432693071336
22.712800217929825,43.50722454933993
17.682911535937688,37.760597332377436
17.671351232148716,50.34083468259226
21.20981135783017,42.30026768941358
10.43359877671101,52.33785911790748
11.375410837434837,34.44104353796373
17.188562353795135,53.30880232214457
14.93584439832788,58.33528961608925
21.571236662976368,30.062643574285445
15.459879622393945,53.74056569847572
12.938481493323543,62.27668992473292
27.32824384460777,37.90358981308795
18.871118497567323,66.72572386837703
20.33764102343962,54.190190093660455
12.876259068932717,42.949881442415915
17.278086377374088,49.44230922342294
20.55461294854933,55.58326912521722
14.245032112888486,50.760053914124114
21.87849009172836,55.387559924463694
16.996806550405974,40.79326406920634
18.541531251033618,51.69360824036078
16.991466938853016,35.8628550309502
29.261390922544688,48.887739386513
19.93251387631033,40.960923585352106
14.711445355220498,42.64470057410233
24.112724560515943,62.36093175210438
13.895781750144888,60.91310120594269
21.044317975023777,56.09138120907177
10.201649380601122,39.07687235327421
13.359069755507846,46.83591550305198
20.984306179345616,62.130976999791834
23.692332899977053,51.417169136399046
20.85684140594985,73.19329539981695
19.421758588058797,53.93317839394372
18.494481522053555,51.92049116490031
12.607390048162863,46.908835357974986
16.400778958026457,51.33540904782282
17.696806145201062,48.47530163619456
25.285611131094576,57.0810867668859
21.71809144784231,59.56702316794584
11.18479922318633,42.140105394920504
21.620419846973974,36.68767046442222
18.074588597918417,31.637946268967035
16.615389998470206,55.079913269125434
23.05838144420434,38.966333938261265
25.154997612479754,28.47109407047517
24.656400595580994,53.885786045309644
15.803912383886807,74.9299951743279
18.453938120743928,49.939290884601064
21.65631715701782,58.38490774451642
24.877725635611796,50.81829358547565
17.60412881077355,49.01110346808857
19.071705116680914,59.190764829877686
14.468325129969859,47.097254558113484
14.018966879596647,52.673923140719026
24.062629111970992,53.216978061960134
26.781200142854114,43.31909546356951
19.63994939209833,59.92042349536523
25.01766448946012,48.25040243304591
21.80818012523817,42.442548405071555
16.77440122697438,55.365098435704034
21.80697802754207,41.015320182089624
27.690182832329846,50.281811573691286
19.820869804450243,49.90881003355796
27.82321827907003,60.85895565831578
6.901274479551278,54.746982328799525
24.10951252187612,49.74973041254856
20.435235341190857,58.17766299200287
18.504963247670663,63.90207549017313
20.45880388267751,55.578103063518626
10.062155426995536,50.103526198433805
18.90164056081244,36.8816376764984
21.78556285755873,39.348863369246274
27.38947022370758,46.94775295645332
17.40864890863176,43.90487797840717
15.957531985534061,48.13028697014554
17.491214782077318,50.56649924897107
24.57701058851037,55.29692754356731
21.643755548298422,49.29501221940909
17.351198981164806,54.86501643826202
22.56633716556678,50.6447441481012
20.4853877467402,30.245334336461287
24.843224952664446,40.606646061812455
16.489734530613237,48.55912444278385
18.361689267011158,37.90305257158892
18.039459234339212,55.99928729996205
12.682425259339407,65.30750832343698
21.48060138532288,62.18761851697317
21.305276360899448,47.86557129069792
20.025567283212304,64.90726136849952
18.827064333124266,51.486674572021116
12.92314628974793,46.629140288819606
17.896773386173205,43.8659733645906
18.286427417366152,46.975303135118715
15.988613653891905,46.118231814587716
19.193571441669953,51.70416222375488
22.020254284072692,51.60573981049865
29.43092950605265,50.03046020153415
20.872889064159196,54.369381697463496
21.28775195361382,61.906462747863415
19.627770421169163,59.495541354413234
10.406143923504793,35.151020315500965
19.867430622753915,24.46078865098045
20.301151049705133,59.34319911239274
32.316210562426434,36.33121301584579
19.038195176094387,47.75234598107316
21.507736711668063,38.298869739406406
19.826441151473784,31.9801956241998
14.156609811902339,55.41462728204788
25.714114072575104,57.59155160302647
23.759665163433873,44.2348959927328
23.955159735215233,24.089577078550903
15.453062726026305,44.53755551747517
27.013971554680495,53.91804005402547
12.990744686038596,35.21088431225871
22.934285469001352,51.83359919779156
30.952278129049894,49.846901508270044
15.047318374346558,55.792914996010886
17.16851135198614,51.19580368414153
20.498256825438204,40.26931059118444
17.482621729419005,61.965715016644914
12.246682844669337,48.4147042697303
20.342814874030136,49.72695460490068
14.688481431369475,40.667320409268044
22.36796215317591,45.567177488084894
15.402878828830985,41.15197285973099
27.749672025087698,48.27053940076577
16.083733538318814,67.11708480142343
18.38969241897162,36.28098857068643
24.067586086848348,33.86438602123259
13.845678417830225,64.71170327493608
21.137299673020646,47.90676322848134
26.53571377141214,43.309272613400836
11.962583827193862,60.39904687396076
20.92316929266152,43.94384460263136
21.299413971242117,68.26009713546937
23.90911435888655,56.77925871339269
13.81524644560959,45.120885918542974
13.397716934578618,71.57308213265503
22.60970782808449,43.94285076996662
21.48492336616593,57.42095372009307
21.252464251729382,52.99292580406492
21.732241047484877,63.01741289398798
16.599876392107547,65.61511196726853
21.161268485805017,50.320041490657665
21.465362366493405,42.46582129653817
16.42824290986816,54.59972142939117
29.328872555723784,43.22284630247894
22.36916460455894,70.13387247526623
14.043482513986756,51.36535331082737
23.28276804316915,46.34678448687891
15.126591648863393,51.84680305864909
23.93542301871226,36.52873710470303
25.79297789503702,40.28385961489349
15.896588408241447,62.00413907944426
24.81688064622161,43.43105721028604
22.06390463468249,39.5308901731806
24.11030079997245,55.36652752527286
29.483964913269737,61.85704154662997
18.773059419985646,57.18953310665067
16.23131917821255,59.960476858058165
15.552427851872384,42.43204911430539
15.920948575172808,35.78189333258156
19.614491452929478,65.01333651955487
21.70575987408322,46.77320161157864
21.383453996650097,47.49166983544953
24.13591624518012,63.281941418490575
20.065009459389536,55.5623000940066
27.267670385786584,54.55887772081608
18.67671583381022,71.65002344901083
33.600845832948096,43.564817696198574
23.12833673882503,59.278401280812375
15.714212217918586,50.570131248970846
14.645537509694439,52.68592278863257
22.412362076215928,65.28468426412532
18.882686073370746,55.07835756289624
23.57000247046046,55.38296079049633
22.366188122867726,60.72507337309802
19.635855436715637,46.350472704571146
15.766031409657975,41.607903326609936
12.425763876570677,39.55190805978967
17.767425239664895,30.33643410623998
24.28199397161736,70.56207129940321
21.07046872065102,38.96791634278317
13.77130610644006,47.78746376414228
20.86590462925591,47.23186700111079
21.926586898644185,53.07406697809101
15.580712818994336,58.15737212539297
20.76862552972764,58.60473488359745
20.29104359223,44.16922561431062
14.285148510846884,48.32878286213589
21.788936801741418,52.825799504882994
22.80392263184117,47.51308873816453
25.415256215876383,66.07345576019992
25.269010260174515,54.90974951638251
13.111653160214544,57.348777860498174
15.310874800424386,56.628812686674124
22.5751763360433,61.73473857485325
22.568929754561044,51.81021558703707
22.575238431530238,37.03168052044153
39.26365745327361,53.996879517526416
22.854452553465833,43.48643106208171
25.677828200902994,44.713833182502434
24.770008817466014,55.863640187550935
23.25695625652899,62.38283071433636
18.42365377679827,50.21271576736061
23.794846102466337,53.088330125989636
16.13587392731214,67.02214944635239
18.815906966299956,52.407531794885685
17.573182260854484,76.01683114180395
20.409370696931614,55.65509645631544
31.573292833367542,32.39237240844182
10.66367403704126,57.53341621104533
23.43130095187257,53.81158384882778
11.936420644051742,62.897527540827454
17.640340671052833,56.73181351269958
25.444752984836832,48.615440160162265
20.321400095477316,37.757017637106344
14.611276110353469,47.90976742713975
16.42348145370016,41.494795457907
23.39798874467338,44.19476550195277
16.34816684141432,55.8857840442061
21.082292947909874,66.69904504351406
20.22785919951907,53.94671529822981
16.741998261970913,38.04116937964815
30.719720446626628,54.446026682201406
23.169595111590056,61.966314866456514
9.874287066711965,43.90217095680618
20.93227157384714,48.65982833327082
16.69106767615806,50.14688194729197
24.26216667398112,42.151016869177596
16.037396307836495,56.48280433843859
19.426317792665504,48.79051851392219
22.524936394902287,54.195324439070276
24.328775970850607,41.125078221978995
13.998517964721119,45.62541699676589
18.327493820795258,57.22381357827771
17.62527344419522,46.27166847908233
16.73335383713144,67.26963851233405
28.827271201405484,46.003638143853976
22.024908554804778,52.24684725751886
13.695580228324774,59.325908318730896
24.58930973527388,35.816342670669684
30.610780985063165,32.39191188019224
25.162326302755734,34.74343685429905
12.403150170229933,62.62584103427182
17.578829635668743,44.481418541075534
26.334555745933113,75.58199285668252
16.461652671906094,44.357524013426115
22.219097140731144,51.84551303197037
23.873170267146683,65.42109952567876
15.365347642109585,70.06092888159122
19.702373219691,70.61503576636397
3.793663299654636,62.083662305931426
14.878061793328552,60.240625258114626
18.7371592430342,55.92526949201183
13.761084090175753,57.78361076166638
28.162056519658176,44.488142836714665
12.849293110196836,41.81801116577693
17.799777566515083,49.96625542589048
20.653702886430455,48.298153774750716
27.206366445330577,45.46771950672725
12.820689244102804,56.963874474567156
25.815818760774796,59.553052085705104
20.051165305097935,50.884068862918475
15.092456744760245,64.77530081055262
22.310517371316354,38.58310885866495
20.99529847786735,48.06340540720282
16.998915614206027,42.831776793971954
20.349010424950094,31.3346338292694
18.0734320156912,49.17319314157301
20.56758672625624,48.78252491616716
23.310653372605234,65.13449743242131
27.93008408072676,56.30811684554777
13.810922505865754,39.758131756707954
30.665166873281333,68.54092566334188
10.239561002387491,62.21033695525353
19.241074524822082,55.82097703468616
22.941586032422883,47.73515901150168
21.404959338675162,40.405607632765204
16.88650240089703,46.27793223928947
18.959388748213623,60.88748619704186
17.534995326705836,68.84586305934609
17.053176215278942,65.43243528272188
24.248010485105123,45.11150578213726
21.785077429825236,38.80382566710989
16.535452023696728,51.40886246911204
24.497999377166252,32.31560634437149
21.536497604383047,53.23167714184781
24.0643105941948,48.52397413701331
23.14814420961806,45.33963498131758
15.855024945389639,34.05296932733204
17.199094799015153,55.136001065697165
23.736468025616308,44.672991603380886
23.051851327167324,38.30083164289712
19.89549203017926,21.277377867183507
20.58663691654391,49.724850949493636
26.388324478942124,67.72251596669744
17.04214305582085,66.6125921454787
22.735486905850188,45.429037434137285
18.98903673783053,43.97787939638219
18.9115939838639,54.68774256075024
25.49388425993595,40.016145608117085
24.12708174494015,53.01791899819466
24.067548180003193,57.660802783846904
26.527394035771646,62.26933223884308
20.105019208163796,48.99845923520047
23.40976485647482,47.96326249823034
18.44866621703272,41.22017413243439
21.62083176244221,41.7311964596014
19.349284728161578,47.73521108098473
20.48497982496359,53.67365506816178
22.97578512718457,59.13584626233249
15.908896583832638,41.96821049319655
30.461936378427303,64.92688568959522
14.96991309250149,47.28876398957431
13.92905693606134,49.78632705651564
25.790554367500338,42.527883208521764
23.95831346981468,25.757597397270583
23.120599085260775,58.8404539636105
23.1417275463214,57.36843897092433
19.938766135765427,47.18672442881787
15.513728142570843,50.66990717224872
20.37902279096863,55.15939217704099
16.61419144243944,34.374541431134574
24.875598667088756,44.70947322653705
19.264713092489306,57.94264679621827
15.872514016037442,37.45710576830751
18.393070791735035,52.935579321666296
22.06465727137812,36.43418195376595
17.181377235980126,54.66429982433527
15.888898022167844,49.643585177025166
21.218436057459563,33.848681840944906
21.224832855543614,61.64739354457171
17.46528412314435,42.65408423201951
17.644808471908387,41.89747562985619
21.16024968678818,52.00569197230943
12.759578292513378,61.48637349428715
12.962681128117223,39.841781810216034
16.40777889373782,50.61679849847972
18.932764241440765,54.28816500330573
21.554537827990025,56.93105607263144
27.376781084747762,51.76441555277225
24.288298116010097,46.329721609166775
19.200307350182864,41.724097793512804
19.904918960486555,50.86143883046375
14.987353176810956,39.27860988014393
19.90743432003805,20.78649516505393
18.55670680539931,54.365598041576675
21.613592801690448,59.039348410861955
15.863845282238385,26.370675644581617
22.596732571205862,39.90269295290062
27.66369456501289,56.191542610051975
19.456199257715713,70.574954697117
22.008558610494706,50.20793707675408
23.450719958555563,42.71997058770866
17.993897640570818,48.1710355889516
21.120462409052084,63.74876419148185
20.062962003908975,43.54035820875465
20.48838049274416,42.00807993349746
16.13495108072267,45.17256477817968
20.122550871294713,40.466713917412875
22.489991456227248,51.22670315994795
27.25571803897521,66.2467845846956
24.796354130426035,53.23079273116029
30.765912287557782,47.47646497873713
16.163262185559752,47.08188731084456
24.361603183603393,34.36809191303343
20.91671002869176,58.83109777147159
30.94901466608836,49.22162802987198
15.958508573224243,48.19520086409374
15.80139078909612,81.93107567844861
17.00303677277989,52.98752908365686
9.380521378450965,42.48208949904816
17.371224891596196,45.736424037944566
16.20433669223151,61.48445709196755
20.75196893238104,51.13270410537764
21.708779878885796,35.61722021682633
29.380854196079433,59.19228934575204
24.75211919093025,43.31855914461006
17.115481721687985,68.73297776217545
15.50792664325821,60.80048065714649
22.459595857532527,45.52678104341249
13.398833964896788,62.81016361735113
29.15729382927177,50.678555105274036
25.897200603606436,58.52773675122219
17.654121739476476,54.84732817294475
11.434327354545612,41.536433450091266
26.769361870827062,43.56450167682538
19.42730077373691,60.29960817581161
26.189081559867308,46.65224667893459
12.027861706028165,45.96351536758003
17.003124885231134,40.44877420650647
20.026218498590914,54.235990655934614
20.23490296882371,70.62524919243145
17.74967264260378,39.32467085745727
23.114249661737492,50.24219456672758
14.661897853087028,64.12220555415429
19.288102574893532,49.203586087542845
20.601478158559495,54.52371796249734
22.572194170293745,39.376064718531204
23.55807439044445,54.28307097207649
14.376789540810654,48.12855734995451
12.329429146321889,59.85729995679863
26.388384109492545,61.87386051564751
21.661570059897958,75.89563642018614
16.25756731721723,55.796331732135755
27.755759877612615,53.257963165821664
20.578373171464293,51.94384301577336
25.896485920319133,46.46833707189312
20.337592407050543,53.38483843461691
30.303739624409936,47.04598589860971
28.77670421221602,51.68460976269614
18.75517925760463,63.1759753560796
24.85785475477178,39.934574347203586
23.226879747925736,61.39878561129045
26.843157787661745,63.17115067339866
15.175382697099478,48.81931473008921
23.430257299992196,28.781451009914054
25.29212243424794,43.921780129055676
11.206302567884428,62.96994546561109
14.083707436671125,49.77131937701118
9.803839111199498,40.00697767705089
18.652965827777212,44.95225078771782
23.58771127897981,58.40620026504553
27.51178526048014,55.4673356820138
20.370473902098876,47.61067900830306
28.143077727856458,46.33175588185313
13.099492708925542,46.08241850956178
11.483087803224226,40.77589815501497
19.722261505516904,66.15375689469442
21.920327244696537,46.7767953078866
19.836526259529535,62.17158520825497
9.662789499800617,65.21316051922452
19.55439980243606,59.9831089814796
13.477652497475734,45.683796872819514
23.348362744150194,54.037300903366095
21.83299123048424,49.758043936090836
15.300601068363225,40.96298139269872
17.430665413316532,53.24359281721603
14.703932390555241,38.20960208840198
19.68660451363414,61.87679388461564
24.775711602506192,45.35382702701607
15.071369768322281,52.01159655872839
22.520232577589223,52.83287871546142
17.348711908137794,47.410950262959226
16.03563583868828,55.86693801475275
19.464848200227213,45.25096343377476
14.823788387903129,58.71297297457244
17.23175347326409,36.54020319753251
14.010610537055758,51.26379579546412
29.823625664581947,69.38928999058285
20.176317759858645,39.99668675394425
16.50137246003707,43.222550294751485
21.06989955367111,55.13907849658915
19.43835975154585,51.79581781939598
18.895152002333884,53.50630099273559
23.070833500217127,54.891871301476634
23.787538550236526,56.3472146856177
17.34749426194736,61.09699841956223
17.1209087967766,54.098186569285126
18.62474151424178,47.58742345381457
8.490394176322075,56.72573701202731
12.42404468900724,68.99881934895215
26.834371337222624,48.67366253617426
28.224838567506417,40.254706953293585
18.75481980221811,61.07080669286972
22.882784815278832,48.796188360464015
21.556250772717682,28.273304539859637
35.39440404227619,58.47421677150422
25.597874557172883,44.64671814046077
19.360412042596167,49.094667176958396
15.222297796997871,53.319803305690144
11.967768398712138,51.904996797790666
21.017318179336115,57.0945181713904
16.218246273578483,45.645136294301565
12.88873145201163,55.131057981760826
16.767135578787368,47.40453322416083
14.592259981928025,57.38810480887503
28.435708175362823,56.153674840130535
24.408198784747253,40.645612979554045
19.960136793416915,60.85982116175032
27.39972069445013,44.64036554885952
20.38684153823809,58.08057798281145
15.693578993358681,53.67287313401341
27.615620386348287,68.38183676795123
22.694550218423295,47.76534017628148
14.813769228367718,46.506832038818025
19.04830660958196,49.805803941122676
15.621908733076214,46.968202171657246
13.08600134517832,57.9994190194205
24.630887737658206,33.83689391563412
29.547083202350652,39.46317580853646
13.007162130904295,39.32197078420807
22.814846183452854,59.50307591973576
16.746787154390866,67.10613372581925
17.56437308117652,48.955507814625285
17.038030378805654,48.311782768099896
15.68004615160092,50.700521631131814
20.242608139724133,61.61878302608191
15.84524941794481,40.72646865809426
21.352284128899193,52.38368982734785
19.748809452754315,59.7519762978243
18.80525976566795,55.01094169939845
15.462181689792011,51.89581616598743
17.116143347158335,60.01046092567141
23.77695612912878,22.96767707000763
22.504585938121902,56.77875319530908
15.112223776007244,43.45924316872576
20.49666152714613,31.693671031435432
23.756935616858947,55.11202599524981
11.652973594393142,63.73658545162958
22.716800961899676,48.62551485372308
16.686881205270765,59.528745472029385
22.852993342965796,66.12278257988646
16.183704217287417,63.14914453584048
10.975589496677404,66.39964529371393
11.862287810584187,57.42127491071892
20.24042473330691,50.754336389015926
21.29861250860741,33.980341881028316
15.478416874477958,47.53937511870051
23.19296229388687,41.567534046838084
11.6923996886552,71.70942717497815
19.66960100676342,48.24114187567663
13.944919001187717,51.23204806784486
16.740819460989204,55.51485376040468
20.23699335658207,50.436024463724536
15.697933173580239,66.95051040430752
18.077222278850872,43.77350638265548
25.0314640460722,51.94607455237243
17.115540652384254,42.57529414301952
24.17846056032571,36.79977488779294
14.35146572671191,43.882309090947146
22.649020889576413,49.62963202951588
27.207843103289502,45.7069777548274
7.6417774993635526,43.07579020126144
16.015523722647615,35.93682536328166
22.8853606359027,49.16894427371305
18.984773069785035,34.952796259689975
21.855729366856544,57.60055963689602
16.980074066420897,50.824397529345035
20.4329489373645,35.4244850053507
19.221613823039604,46.907909229501364
25.838910308299035,42.478435944094166
21.272104216506065,53.1917451041918
21.68801331037601,63.40450446023144
17.940615169387662,31.248275303542556
17.561968879637533,51.150260791474174
17.837209060901895,48.398672044333594
21.972260711891483,56.713400764504655
17.895077595898684,52.131966282376894
21.448874284482066,42.48030668261181
30.377003993227195,46.80946064333382
24.355623517158463,42.03974143196511
18.369882339160796,60.76007138598598
26.006069610819722,50.21311648671942
17.959623134892244,69.01190685753008
9.80937732411073,49.39339186185379
14.95956844541298,42.91593233089537
10.646040394870722,34.862856073871725
18.24243257979346,31.96860323744055
20.092091895947757,34.158640569945106
28.382186561376415,52.67126651011483
21.634636868820813,55.08725023229934
18.90449735595568,34.188092979678665
24.147027905917447,58.950383140761154
8.944323454960575,45.1693894831656
21.178072790542828,51.467930119855495
23.854325969434832,66.12220628255425
12.607068771100792,58.96839315865532
25.718770216034645,47.314693520941674
21.69248203747207,41.08807774584713
17.923560430495993,28.48184598670695
23.163909330531425,42.8084668075758
31.35346428902198,47.88869761172305
20.909331275292477,40.12820472848816
21.24110293150168,48.68743032907695
17.70319550229878,50.768518829587684
15.750778152676041,47.751440181919214
24.151679082721227,43.4999741917654
15.719580870455664,51.68654671966728
20.357831186096963,54.41940649569409
17.611712766174417,39.096009225571535
22.39489912873196,64.10932379746271
21.66831052643474,49.014118677157384
25.187699721289498,50.188496229448475
17.449918005726264,57.08214423256557
18.650625323533145,52.332161312635016
15.106181421088463,59.53136633913245
17.77853369961944,52.87124165201824
21.88650246522426,43.87562625359562
23.78494308322676,53.61503525206102
15.389173379111874,38.56273792679338
24.3480296005283,51.085597057765234
26.778189294024756,49.66770009355539
22.067174516118506,47.918831427274604
29.38397906279033,48.71462488561069
16.131054004482134,31.18150954502361
13.776726483442914,44.512750922590385
11.106398755478606,50.928449011411146
27.480221557445915,51.598563919974005
23.27182828177029,39.72324859074042
19.722076645447725,62.65707840864701
21.399843131599102,41.33825151785499
14.372554763508116,59.69457200526737
32.228759898084135,54.27194361871685
20.646105909876137,43.53772690156197
20.546973973024464,67.75310892609512
23.62883311949346,38.0636316824352
22.405046158683568,59.191541736100014
21.119420121395656,60.005823180429786
16.04762772277344,43.293797909233554
22.357341785679978,63.92465300064329
29.41012248237517,47.49953485401047
26.727100230774887,52.88693629279857
27.965933133196984,52.603218387712204
17.443921617844076,48.65691258529452
15.051975898707095,58.10808273159782
19.37106539950176,57.93488720552213
20.278624561443472,32.51468026761819
25.470957592354743,63.043402428781526
11.537676851425903,33.37508011964326
27.64775159730307,60.32546204341657
19.209960507105052,61.26705136827583
17.8655946502629,39.09033569784802
14.939478123699162,45.891857120454155
11.725716640671154,38.94295331514064
24.115852919809573,47.850789697112646
20.36658983594202,46.919657158142584
13.55019550129473,57.796605322693395
13.52460613968192,63.10308746119608
18.32107650354936,63.95683810789956
28.345107626446964,44.37831973421698
18.702043243181976,47.90778126255472
12.48428523440947,33.1656180777905
18.77128467957028,41.94129933503811
18.636382151261646,59.64851633097457
6.515566785292142,66.15582823548232
19.72852566741094,37.65651128120078
18.84532734895661,44.075357408471056
23.48103182406709,49.73594243041073
29.244780474726724,52.80161158819607
25.632825147738785,41.90396480078354
18.655556547225846,54.24061044464089
14.467370456291649,45.26160652929084
32.8667990162493,49.855477291217206
20.29609217007244,55.462842480037
20.06964645956473,50.064222698109376
19.879374564449982,45.63614109473431
20.990423803839274,48.90390196074169
19.278197940380288,49.11637040794665
17.131689965598817,46.29988970117872
17.26570529379804,47.41203937332897
19.836233648920008,65.98647170504717
17.282876144331176,55.60919447941239
16.435771086614178,47.045196819708394
20.532151138459483,56.969544045107355
18.725113912895722,46.6618051024399
27.519964942913443,61.73124637586641
6.745150958034941,53.69642192198094
25.45753425961231,48.92697855995771
26.230425962488145,54.477169258102776
9.633048837959253,34.291238479315005
18.286562029598258,38.73232531090195
18.142795670021044,38.060749936009444
12.962441526410894,51.429430947637066
16.110916562045624,67.32514999485092
14.447120772670857,72.31300146192632
28.761352217118116,56.380511014407574
24.678391965737305,55.00844474944457
26.357775474970794,31.98942265847261
23.608360320216175,44.57326200265978
14.354741143913854,42.12216248091761
17.37739866860113,43.79152401748884
22.44687280613959,48.318561814152105
13.889360955540273,45.27909422302873
23.56499215086194,30.207001896242122
18.798373009209325,57.47910256117534
18.125895962252013,39.27256974260193
23.554799841017456,52.39246864111149
22.2213165574302,70.74082669749973
18.1951691709046,40.80615408413577
25.79664901682124,24.697124772536704
14.594683362000513,47.139957781198895
23.07967803472132,61.00959634998571
22.96550628984192,69.58347454220593
18.452267803430047,37.70450405547583
21.63066511121059,54.966992232365214
13.744432118073485,45.34689543219947
24.620135096034506,48.94051645695864
19.075489317785056,76.44343347017035
17.386384897404803,34.970296716048466
25.245046129184445,52.537396614945735
16.478281547286205,54.676931717654334
12.957693518182202,60.857863249393475
12.216854132380481,50.97983153470896
23.030049756728197,53.08050539504102
13.597853237518585,46.08351432578209
28.77397090992182,52.69126941245107
9.59035296058139,46.5680772450259
28.48228184145019,56.21571889856051
21.05508733601309,46.30389663956366
19.516434440648037,53.77100393902187
17.275404565955252,49.707371863150215
21.995680571760353,61.26050250772168
19.81182648787576,49.48606276411514
25.516509410082605,32.26967531793119
20.571138243310198,62.619215007139914
20.75150880730939,40.94267699137381
18.18193893893072,43.4623366135118
19.715271881394663,44.04338705956508
21.539008844460295,63.74438093170817
11.449158036716872,28.643257860213044
13.259072889471435,81.37748533659993
23.716320470113576,60.56056809066052
20.854327190639708,52.2323891412916
19.080083318236603,49.451059993837134
20.092169665326967,52.85554074857657
21.737908526808354,55.211224283793385
17.301201598453193,56.45215585950057
16.108476372988438,55.55604466003449
20.979226275488408,50.895806812552486
15.10813611192484,48.02661579692674
22.041263778572358,48.487267163464885
11.487081978810798,48.05091719647319
25.14577818662822,61.337700968670646
22.362987412065216,55.935567222808615
21.28014867156938,20.596113653357197
24.91345491972757,56.55900776529761
28.32737222231288,51.94736194718775
25.07185032509065,49.81291243554102
10.795628843341774,46.11481546911114
13.602115166321493,61.24112719986013
16.875907111521606,59.475264621228575
20.13045525105417,42.27122332176391
22.588295102345615,54.07052287124535
16.371280934232672,40.28343265458714
20.93383382238539,36.203818352110694
16.22308533823339,43.73282775410035
16.942410985040258,58.62393472382759
12.966694515758888,59.53125045376087
15.383833769445479,55.130854200972934
13.241576971918331,57.25095786847997
15.120633735113337,55.16178287114958
25.268208983039198,43.585184047770476
15.253005555840286,54.31922544673941
33.161910324186955,58.00409525227683
22.466589504404446,57.542913298135744
20.92418061847437,61.88913371474643
15.708211099093933,57.083038472010635
23.501549397044958,53.51448207541583
17.12181086881113,60.701502383164275
20.610049073226808,49.7347874075094
32.800422691343975,41.18125348772282
19.51970050137675,48.36933036056236
25.74636663142838,42.55097355193551
16.48411787437056,43.24821725025618
19.82505754751519,48.55481329284482
28.85400317817755,42.075800790000386
16.865164711061162,46.9203847036096
29.062242789984644,31.063853330462145
23.538759677277376,52.13293707372939
17.18766612052866,50.012054753622245
23.162038695277605,41.82911368931809
24.86277224813365,56.59245668432405
23.10904981108598,59.37570137626558
12.148876400547717,33.924401356310256
16.364314120875658,42.37275221433786
18.762406822242475,42.30857650212702
19.62783285449977,40.600968988911355
23.103360487753392,58.294748419317486
20.888505004666268,48.06173861227197
13.323278206449494,47.35485158689389
21.900989255029817,29.961376355932465
23.052928726419115,56.35418030209226
22.7989522396552,37.60741605146528
25.403903627773108,50.599326302663286
24.16961077274452,52.773769379581914
22.295900396142184,63.60658595838651
19.649171442706766,36.91179600880888
11.695195332420043,19.804878441791747
22.148091095662927,51.83849544753695
21.038438435815557,68.00511181510853
21.357894185976868,62.38946352939438
13.616257120898453,52.096594152746256
14.594717297958688,45.08363814367953
25.26576426666452,58.071225966373106
19.802224230716725,40.26453800295531
23.40750348686312,54.76357769356219
20.141591880652307,55.054701591666266
20.148780697478728,60.6020990749888
24.691419029879988,77.59660038911078
17.41977635891313,53.92415967178767
20.480603884704916,44.910363742925014
17.688623556474788,49.74425687808006
17.82751886283842,32.30924095110882
18.454139382656802,43.05286868910942
21.110668858168566,45.90717561886896
17.606256891682612,44.759116020654076
26.278780627867604,51.52354872033722
15.526963488902481,41.775800676177994
19.065641779193204,61.210306673244716
17.801344708629124,50.002070649181974
27.234889421768663,49.90699678861385
20.982773882557872,46.72105283487082
25.159222697343175,51.551906838589794
12.57219813481514,58.25098264667635
21.335251329346296,41.328697842890996
24.448153978117183,43.41883510924743
20.41141994637712,46.96273971223335
25.327401875326757,36.54129076526785
17.41355774949814,41.807421402785025
27.0467372009279,45.23779126455341
31.49449061809625,58.74389180712728
18.185807197801704,52.62561329001925
17.77248739299614,51.93589911367545
27.266922385588504,58.50897962167972
27.897860728653562,48.62628211600603
17.385699864233658,53.904648499288896
17.899065914520712,48.96778247067504
18.591076955697464,52.653623493996285
13.277747444828615,44.17241342388418
15.406740267579009,25.61182841723571
14.97929616623966,48.65720837813696
16.161012174479357,64.2274813609994
19.826575563066093,59.26215402241593
21.171073662682602,59.653974845911705
27.752502464070385,62.36130721806218
15.008229796306045,50.88657590961437
24.921611992382918,51.973157074055955
18.930055778872454,43.8234810456565
19.752681451737836,46.8392714397295
23.37409746083302,56.15771149771142
14.386389892188507,62.038844371688164
21.912048730920255,48.60553724319001
20.83226104106528,45.498107351485885
22.462256320040744,50.005279588565976
21.44584321953909,56.01206748929115
32.276500699554475,35.56145183866458
16.81130007874342,27.03819046862762
17.345015224990913,44.494631505084165
16.88429736787618,37.79287574085841
17.222614404198726,44.91859802352689
16.81306436346741,48.52219681182528
25.94508265553776,45.467515909769865
27.102521239949276,64.52467534470745
17.14626853125262,53.2674476460232
15.838222134478857,53.004743596108284
22.35707778193202,56.22207144043402
17.238884778595143,38.61166882219231
23.164659088777555,60.391117874202685
21.0146151042565,49.2423571346454
12.42127942501384,56.70480617241213
27.737526006650306,39.28142766959844
28.97938836547761,34.46241233983936
16.93605654757807,58.17889658025029
18.061492200320078,53.76409526097517
21.429326953624525,40.9794844564249
21.672283949935125,41.303369187253054
23.29272136336415,61.254347844147695
30.051022693831747,38.10588107132672
19.11526386252975,66.42672953255963
16.00851377730773,40.99379265352131
13.103403859927365,56.38391925608383
16.345349800290403,46.71381524251015
19.834365135631014,56.03187431082343
28.97278931758894,44.558859978858074
17.411943504819142,48.37207093927706
21.118939758194493,50.40919175395721
19.91788551963624,39.978125442185274
25.94196636724042,57.408243454201255
32.63466212936811,44.867864335284146
17.345656135398396,47.714000846599816
17.55280278740889,40.056506253914876
25.22080438534536,24.376663412046895
23.40945744813156,48.08972237399831
29.23353662868017,74.12615421612915
22.919640926629818,57.84604287898024
18.203539546064704,49.80739620265605
22.953274153461546,47.37109170791732
25.543517902914537,50.22465892812046
24.102410905986822,55.4711911517521
22.53637015553649,38.19187184691155
25.333373447945768,61.143216946688725
25.846477952228362,57.15381315441244
26.910794955187637,57.18185725707934
23.243549437948214,54.38475738809727
19.164409598415727,50.1961665769399
20.733568432166614,56.7286123596682
26.032544832541785,55.91814133741378
15.91532164506382,46.45959289058976
21.843366544364507,44.26398227103099
18.033305938363196,51.01856295261987
20.143724114674086,65.49020151495188
26.392259313036494,37.60892924346099
20.955495340099517,35.324747342475604
20.232182740780743,51.647608412365166
13.200719295100404,50.50887701856018
23.731267830136105,51.73341664370408
23.227420905705376,52.439531979085004
30.8162736165273,47.76797745365195
18.461108825234994,64.89863438602082
21.095751638319694,33.99096021523484
21.246918418553776,41.71502975219754
27.887266398817374,48.96745239850953
19.523522338065238,33.568111888458326
21.395107628851697,48.241455955679285
23.039482548582697,66.61470165728018
20.93304561578179,50.20886488295962
17.767831927247357,52.30700905718683
20.97044996449154,37.3983523482742
25.36815874929886,43.83638591960523
14.8674235029447,46.24803619676063
20.66484837073438,46.82284903243766
16.499395925304135,62.81643795003769
25.975233144624212,55.57691060725124
12.384065476081126,38.88542043062968
17.205390763642058,52.46504778432005
21.886059375322603,54.98221748496785
27.827620146171704,61.40149038521267
19.67124869463506,65.80540686568374
17.22400236653401,39.84905808172131
29.40578534720295,41.89142488789662
12.75993049791878,37.42422141085384
9.005970216899591,47.659801408930186
22.20007225026666,54.663583744463345
17.489728878236946,59.87334516589102
14.893835914346434,49.24048976357477
23.541782236496765,46.80152476745156
21.219003568855996,51.51757992248741
17.179606846316357,41.64857098369977
13.598478006645529,70.89538721694774
24.362286641400722,33.923389728819416
23.251005889793305,51.847405788957246
19.504120681103085,70.2360621922964
29.233184980238327,50.067998445599976
14.649576168369236,48.099609649985055
12.372374145376305,46.42554577189573
16.540459650593778,48.19608318237592
19.77206991822251,63.728484746765304
21.21669724661346,27.88138088670493
18.79381971071835,65.33433701296326
21.760276982571483,35.76042847549855
13.74230287904778,47.333476707655855
27.218823020366298,45.707555797013384
19.589244108037157,55.8855326977072
25.586479157940637,34.01875648116253
21.71362673188852,54.62172666081943
22.283766095768918,70.24309623286852
22.84883640116102,36.368259954071895
22.238542800086574,51.89706167610396
23.21361379933772,43.38017822203391
26.645762650662157,54.25887206193036
20.98260584850735,50.19147777415752
23.54501878794256,43.5851309095569
19.551321528563868,54.87872284871074
27.200586077247365,68.04348109786743
16.61803848970365,48.09096208272701
29.00470216455408,57.19757942148182
19.799210246778284,37.06727042128836
12.84612448940976,40.43563623181991
20.640522074553946,54.72406277880377
16.594741712625595,64.84116028535965
24.203217744943622,53.5561334878566
16.736880103488044,46.86941969476845
17.769082833926102,49.99291405423354
10.552296345272346,37.495922660302824
17.738468403754617,56.045153263553665
7.880603366855217,58.82333062323409
12.080485882571384,45.4790966716692
23.802073280721487,45.299578522404985
23.92900079325416,52.658782296520485
22.127287808924823,45.63280263959405
15.165119284353935,49.338673853741774
19.7614432192901,70.99721789166516
19.981987304547157,47.52974299254004
14.208176554037287,46.41659847978778
27.51699150883575,43.52458194364841
24.386811452878355,57.441919714999365
18.89517913085168,48.18775826781897
20.134429194972654,43.506269616785744
21.04191403973776,63.21304032273012
9.791325657878547,64.19603004513637
18.764113087397014,43.99576434261295
16.590078760011007,31.33460048639384
14.991899950525422,60.07513689836922
18.594498535570224,43.15370174239996
28.988432634247612,57.90625599162769
23.20421430633505,30.298961822881644
17.144105051086015,58.92597338299309
22.862913906780793,37.88828070719219
26.99677718293001,57.307641190665244
24.623168414563843,50.142730678364344
20.29815184960087,40.460605806033556
16.76531611147213,45.929636870732196
23.491116568067948,56.86318456956701
21.967426927108747,51.05894453115234
24.475966100138663,55.844129804724844
23.175859008409848,69.76440584515485
25.247763576596675,34.357583882889486
17.32382394219716,66.17212574968624
26.586970328171628,51.04355937523213
20.987998023461998,41.01215951676872
30.376304363126327,36.696863742610105
16.55406090955216,48.10879609222967
28.679819015826247,59.2165011192446
20.989553917313238,48.724508796224654
16.74290998192776,65.11154930247348
17.58057082972839,35.48824309948441
18.3982634590284,49.87911052153945
22.120829732009582,37.47606555586881
22.6141774401775,53.63631882624968
17.131499980307105,58.868873900973
19.878227038695087,45.792382063189464
30.71135179305932,23.95786143372866
28.637715850503557,51.98948146796494
22.18161834837016,54.367385517335094
20.190017390841,54.042947549616976
20.600156633591308,62.35782191822154
23.06758986365208,39.28946320350951
14.886037174007972,56.802161054504495
18.713117312883274,61.92507512477975
11.657079630612053,32.21412415993483
21.996115613026397,53.19651825918977
23.235979698513706,44.958201689923285
17.58406768850313,49.18477326898354
27.869933816450164,53.476764835383364
13.871171684988294,45.12771435886448
12.6781255989509,43.24291920838388
21.12225909279986,50.34152417488025
25.235491513060772,39.12754061137197
28.419638457289345,39.141748711148146
17.7055786856553,56.79373282956503
25.39340416715648,38.51205964841344
19.807457652496463,56.66312500909212
19.136863500295902,54.62591292853951
24.41829968743336,32.741932712094034
23.2616143920671,43.22435347664345
12.118039215078753,61.94109403047372
27.38270174862948,40.18834468860318
26.900456770737257,45.355957376906126
16.872186492452354,54.62060893251896
21.979017667187044,57.83390509282596
22.470150931413695,47.48461113955504
21.303368829119535,44.02489805308358
17.2484742307729,64.22369861698508
16.641883160309742,67.3889966379758
19.872229645042772,59.788580507817954
25.86364509629682,50.85318142565024
22.71800077297216,41.91734278359074
18.14692833956947,41.695555934434346
23.858493553241722,55.22514105265758
5.757286896849623,54.18398220888684
25.743828501860516,64.01598592946429
11.301431106109503,56.50450092536139
18.18779529298434,34.96919698240182
14.40165052686928,60.51947617722919
13.526592621395471,40.01939372685587
25.804133936892597,46.16028728047648
17.661493993440544,52.502002062516944
21.73251940865358,69.95667489783965
19.76539710560408,81.09918556005361
22.385204136115608,56.06723059136183
20.384109455301278,48.168033812796125
13.585038879057151,55.345056484805504
24.9813340972357,58.87655425873836
17.531217084193436,46.793323744428086
12.217090506701245,67.95211355912322
17.859424195170437,52.30070759191402
27.503798953171554,54.97743089091394
24.251108710567465,56.659242520544616
18.256739327960705,54.21586610614456
18.253711478407855,58.38940500469612
18.391824743913087,43.82746813453077
30.383739917804206,44.41698246053969
21.909677261157768,38.99845767028305
22.150208235955347,54.39501230620226
25.15141727015921,57.78936503512114
21.193945795132567,54.57772866151886
18.704789270896484,66.74492433347538
19.01825075457511,49.94403981170954
19.641993702929682,56.687416555925125
19.813888817450792,39.08299123860686
23.6381477181849,46.12900297525599
20.259729429036497,56.95537757565778
23.663200386077897,58.491021107431436
19.59641709945709,47.060330523358175
20.393175951580453,49.28400748141933
10.008996577339461,34.821262533191906
24.58163837351241,46.42970799193391
21.732442379489964,58.90383163519786
24.99005054929826,55.75205016106566
5.518723109031553,55.0066572138121
30.441873523903638,50.4977368718096
19.302051859224132,50.07063158628176
25.540914083687582,43.39678860526553
14.800470364372345,56.98828420202535
23.06386952531285,54.2097294438939
14.73292218413172,54.920188479927994
16.881155196520975,44.739651573324196
29.57015676933393,28.466570801287556
19.046587996183266,60.97152711753696
21.087164365898616,45.211625439915956
24.35033865344377,41.372242359568794
22.47840943986302,56.934789119139936
20.752094525717883,46.0798736008087
21.824805012331126,60.59936384046622
32.01707792619138,56.17005949576698
19.711906014832074,56.83569323200477
21.005495233574837,36.340442887994655
25.25327198003806,62.11943985386401
25.52762966478992,52.61250531233856
25.9351515278019,46.307228607537965
23.19365111014592,51.43388467342251
14.284975436347583,32.2376476710168
28.167157661505478,54.08652811480671
14.26827303490656,39.706284918179286
21.513177326195166,36.47329714156466
16.22862074990321,34.77640813782109
19.679308267035037,61.12688374989925
21.6438120515174,43.707366063072115
21.606786077251364,65.337277099165
22.109603771176424,44.64198536947702
28.068556345293235,32.92642042407053
22.2676715075699,38.83475560051341
18.779216823546758,62.35811620006939
24.820435841441785,48.441018220633325
25.947352444623203,44.51712703509399
13.861960924315039,51.60018225852788
22.98700034924929,55.01782736167545
23.50586371155449,61.17398815902461
18.51218248320004,64.48499229892926
26.878534066558096,46.40231354210914
19.249722064837368,36.73952313917962
20.627882267357712,45.86534838876724
19.13464087858065,52.60280506582886
20.077895237907338,40.36241073789389
14.518624565523991,40.428490851049574
12.799745587028529,53.437878815498856
27.97252531612486,49.51347648429549
15.765193258408361,50.327969954115865
15.043038252718464,42.41504665299931
9.233049431981426,47.69599285794233
16.805191261552487,40.757668557316954
13.38455103296251,58.90198411124787
28.210075800681846,60.35249334723753
25.04908544671317,31.538121377619063
16.559248274111383,40.7048913980759
31.262179026721544,35.03470744909921
24.90882743495797,43.49976065593102
18.37584308245689,49.16562030209639
7.5029714256321345,35.5035478030147
31.45471286295371,40.78140186874687
13.05213766618202,39.960426279185015
11.77300626521554,52.07267329398944
25.112852160048202,50.6934433703625
32.19876203169636,42.78262446662747
26.92136409255259,51.76820872139398
22.819545600261797,44.533199154127345
22.97377170832643,47.283448896739465
24.26707779390154,66.73452090298537
23.794642948933827,63.40461051790348
21.405957119846878,37.004187630724026
20.52100551975938,58.29732417879175
19.687034360502388,58.11396554491592
16.23017705566662,38.51736711247382
18.59662461566613,58.18777643754861
11.535215929023073,65.37931918412554
19.50830186602625,38.77455193755586
15.057044464245413,40.824971789857365
14.482053413921145,60.17661466843502
20.899470755767393,52.71495310825648
26.960011431722997,55.514762752395235
24.591583030011563,53.40589216400497
12.147496981884114,53.90695920928144
15.051859317148313,36.73527871688917
24.70385593994108,60.47317706621448
15.087563032308452,61.69589992427774
18.876834250014877,47.70609255931972
22.75026049512276,49.56523050186138
15.158277725681824,34.68892497444278
20.5268775307298,55.14254756017835
13.329872525408977,55.72057441714144
16.99316178024393,49.37808983000689
21.598909670712686,61.24353359870503
12.035031332341653,46.659227690200595
22.202373689801995,55.646059258936006
19.901811005366593,39.80335661307885
22.762449772085738,49.76447849125762
21.119570670323306,48.25645742097164
26.82070214986922,52.25307922040942
20.626122513239537,46.304730711666416
17.852972294373735,48.68527404328332
20.611487515161418,58.26047171441506
22.71649014518194,45.63235762761782
20.24430035162852,33.93422899261321
20.202958456019413,67.4958390420542
16.490041560966223,63.814540786904864
16.68549541224526,37.07737304894381
12.986973641001534,56.897078052451945
28.747883715934698,44.97025229448657
13.780683823043574,52.634872153310596
16.53547401102046,52.94224129013494
16.40796367215401,47.65592199683678
24.474621884722207,42.16234334413603
18.52525160853986,43.094589476837406
26.238710363368668,40.83808084518758
16.63254687878066,41.681777917695555
21.39497081111901,49.328217099506446
15.823264733701214,42.842400108892484
30.72574563886694,56.820520657126195
14.062007904852436,64.87246155335927
21.549103551135136,44.19946758629957
23.168884404660492,52.39404500535377
22.068995487257492,54.996851103029336
19.073561705611457,54.72002270919275
19.35089650133287,50.759552679160876
20.219057359895547,57.426824183597226
19.264989991857558,54.82248952680657
24.819395583974547,37.62337577672702
31.052615007956756,58.69156064389273
17.212541074960832,58.872908372667425
13.150985102104611,42.367138958214184
19.558589758243727,50.37937835447602
32.898546688271594,56.833289928110695
15.981627160151346,47.906861804206386
